-- phpMyAdmin SQL Dump
-- version 5.2.0
-- https://www.phpmyadmin.net/
--
-- Host: 127.0.0.1
-- Generation Time: Oct 30, 2024 at 07:11 PM
-- Server version: 10.4.24-MariaDB
-- PHP Version: 8.1.6

SET SQL_MODE = "NO_AUTO_VALUE_ON_ZERO";
START TRANSACTION;
SET time_zone = "+00:00";


/*!40101 SET @OLD_CHARACTER_SET_CLIENT=@@CHARACTER_SET_CLIENT */;
/*!40101 SET @OLD_CHARACTER_SET_RESULTS=@@CHARACTER_SET_RESULTS */;
/*!40101 SET @OLD_COLLATION_CONNECTION=@@COLLATION_CONNECTION */;
/*!40101 SET NAMES utf8mb4 */;

--
-- Database: `st_tu_system`
--

-- --------------------------------------------------------

--
-- Table structure for table `holidays`
--

CREATE TABLE `holidays` (
  `id` int(8) NOT NULL,
  `date` date NOT NULL,
  `added_date` timestamp NOT NULL DEFAULT current_timestamp()
) ENGINE=InnoDB DEFAULT CHARSET=utf8mb4;

--
-- Dumping data for table `holidays`
--

INSERT INTO `holidays` (`id`, `date`, `added_date`) VALUES
(1, '2024-09-06', '2024-10-15 15:50:28'),
(2, '2024-09-23', '2024-10-15 15:50:28'),
(3, '2024-12-24', '2024-10-15 15:50:28'),
(4, '2024-12-25', '2024-10-15 15:50:28'),
(5, '2024-12-26', '2024-10-15 15:50:28'),
(6, '2025-01-01', '2024-10-15 15:54:17'),
(7, '2025-03-03', '2024-10-15 15:54:17'),
(8, '2025-04-18', '2024-10-15 15:54:17'),
(9, '2025-04-21', '2024-10-15 15:54:17'),
(10, '2025-05-01', '2024-10-15 15:54:17'),
(11, '2025-05-06', '2024-10-15 15:54:17'),
(12, '2025-05-26', '2024-10-15 15:54:17'),
(13, '2025-09-08', '2024-10-15 15:54:17'),
(14, '2025-09-22', '2024-10-15 15:54:17'),
(15, '2025-12-24', '2024-10-15 15:54:17'),
(16, '2025-12-25', '2024-10-15 15:54:17'),
(17, '2025-12-26', '2024-10-15 15:54:18'),
(18, '2026-01-01', '2024-10-15 15:56:50'),
(19, '2026-03-03', '2024-10-15 15:56:50'),
(20, '2026-04-10', '2024-10-15 15:56:50'),
(21, '2026-04-13', '2024-10-15 15:56:50'),
(22, '2026-05-01', '2024-10-15 15:56:50'),
(23, '2026-05-06', '2024-10-15 15:56:50'),
(24, '2026-05-25', '2024-10-15 15:56:50'),
(25, '2026-09-07', '2024-10-15 15:56:50'),
(26, '2026-09-22', '2024-10-15 15:56:50'),
(27, '2026-12-24', '2024-10-15 15:56:50'),
(28, '2026-12-25', '2024-10-15 15:56:50'),
(29, '2026-12-28', '2024-10-15 15:56:50');

-- --------------------------------------------------------

--
-- Table structure for table `schedule`
--

CREATE TABLE `schedule` (
  `id` int(8) NOT NULL,
  `day` varchar(32) NOT NULL,
  `number_hour` varchar(32) NOT NULL,
  `start_hour` varchar(32) NOT NULL,
  `end_hour` varchar(32) NOT NULL,
  `added_date` timestamp NOT NULL DEFAULT current_timestamp()
) ENGINE=InnoDB DEFAULT CHARSET=utf8mb4;

--
-- Dumping data for table `schedule`
--

INSERT INTO `schedule` (`id`, `day`, `number_hour`, `start_hour`, `end_hour`, `added_date`) VALUES
(1, 'Понеделник', '1', '7:45', '8:25', '2024-10-16 10:15:02'),
(2, 'Понеделник', '2', '8:30', '9:10', '2024-10-16 10:15:02'),
(3, 'Понеделник', '3', '9:20', '10:00', '2024-10-16 10:15:02'),
(4, 'Понеделник', '4', '10:20', '11:00', '2024-10-16 10:15:02'),
(5, 'Понеделник', '5', '11:10', '11:50', '2024-10-16 10:15:02'),
(6, 'Понеделник', '6', '12:00', '12:40', '2024-10-16 10:15:02'),
(7, 'Понеделник', '7', '12:45', '13:25', '2024-10-16 10:15:02'),
(8, 'Понеделник', '8', '13:35', '14:15', '2024-10-16 10:15:02'),
(9, 'Понеделник', '9', '14:25', '15:05', '2024-10-16 10:15:02'),
(10, 'Понеделник', '10', '15:10', '15:50', '2024-10-16 10:15:02'),
(11, 'Понеделник', '11', '16:10', '16:50', '2024-10-16 10:15:02'),
(12, 'Понеделник', '12', '17:00', '17:40', '2024-10-16 10:15:02'),
(13, 'Понеделник', '13', '17:50', '18:30', '2024-10-16 10:15:02'),
(14, 'Понеделник', '14', '18:35', '19:15', '2024-10-16 10:15:02'),
(15, 'Вторник', '1', '7:45', '8:25', '2024-10-16 10:15:53'),
(16, 'Вторник', '2', '8:30', '9:10', '2024-10-16 10:15:53'),
(17, 'Вторник', '3', '9:20', '10:00', '2024-10-16 10:15:53'),
(18, 'Вторник', '4', '10:20', '11:00', '2024-10-16 10:15:53'),
(19, 'Вторник', '5', '11:10', '11:50', '2024-10-16 10:15:53'),
(20, 'Вторник', '6', '12:00', '12:40', '2024-10-16 10:15:53'),
(21, 'Вторник', '7', '12:45', '13:25', '2024-10-16 10:15:54'),
(22, 'Вторник', '8', '13:35', '14:15', '2024-10-16 10:15:54'),
(23, 'Вторник', '9', '14:25', '15:05', '2024-10-16 10:15:54'),
(24, 'Вторник', '10', '15:10', '15:50', '2024-10-16 10:15:54'),
(25, 'Вторник', '11', '16:10', '16:50', '2024-10-16 10:15:54'),
(26, 'Вторник', '12', '17:00', '17:40', '2024-10-16 10:15:54'),
(27, 'Вторник', '13', '17:50', '18:30', '2024-10-16 10:15:54'),
(28, 'Вторник', '14', '18:35', '19:15', '2024-10-16 10:15:54'),
(29, 'Сряда', '1', '7:45', '8:25', '2024-10-16 10:16:15'),
(30, 'Сряда', '2', '8:30', '9:10', '2024-10-16 10:16:15'),
(31, 'Сряда', '3', '9:20', '10:00', '2024-10-16 10:16:15'),
(32, 'Сряда', '4', '10:20', '11:00', '2024-10-16 10:16:15'),
(33, 'Сряда', '5', '11:10', '11:50', '2024-10-16 10:16:15'),
(34, 'Сряда', '6', '12:00', '12:40', '2024-10-16 10:16:15'),
(35, 'Сряда', '7', '12:45', '13:25', '2024-10-16 10:16:15'),
(36, 'Сряда', '8', '13:35', '14:15', '2024-10-16 10:16:15'),
(37, 'Сряда', '9', '14:25', '15:05', '2024-10-16 10:16:15'),
(38, 'Сряда', '10', '15:10', '15:50', '2024-10-16 10:16:15'),
(39, 'Сряда', '11', '16:10', '16:50', '2024-10-16 10:16:15'),
(40, 'Сряда', '12', '17:00', '17:40', '2024-10-16 10:16:15'),
(41, 'Сряда', '13', '17:50', '18:30', '2024-10-16 10:16:15'),
(42, 'Сряда', '14', '18:35', '19:15', '2024-10-16 10:16:15'),
(43, 'Четвъртък', '1', '7:45', '8:25', '2024-10-16 10:16:34'),
(44, 'Четвъртък', '2', '8:30', '9:10', '2024-10-16 10:16:34'),
(45, 'Четвъртък', '3', '9:20', '10:00', '2024-10-16 10:16:34'),
(46, 'Четвъртък', '4', '10:20', '11:00', '2024-10-16 10:16:34'),
(47, 'Четвъртък', '5', '11:10', '11:50', '2024-10-16 10:16:34'),
(48, 'Четвъртък', '6', '12:00', '12:40', '2024-10-16 10:16:34'),
(49, 'Четвъртък', '7', '12:45', '13:25', '2024-10-16 10:16:34'),
(50, 'Четвъртък', '8', '13:35', '14:15', '2024-10-16 10:16:34'),
(51, 'Четвъртък', '9', '14:25', '15:05', '2024-10-16 10:16:34'),
(52, 'Четвъртък', '10', '15:10', '15:50', '2024-10-16 10:16:34'),
(53, 'Четвъртък', '11', '16:10', '16:50', '2024-10-16 10:16:34'),
(54, 'Четвъртък', '12', '17:00', '17:40', '2024-10-16 10:16:34'),
(55, 'Четвъртък', '13', '17:50', '18:30', '2024-10-16 10:16:34'),
(56, 'Четвъртък', '14', '18:35', '19:15', '2024-10-16 10:16:34'),
(57, 'Петък', '1', '7:45', '8:25', '2024-10-16 10:16:48'),
(58, 'Петък', '2', '8:30', '9:10', '2024-10-16 10:16:48'),
(59, 'Петък', '3', '9:20', '10:00', '2024-10-16 10:16:48'),
(60, 'Петък', '4', '10:20', '11:00', '2024-10-16 10:16:48'),
(61, 'Петък', '5', '11:10', '11:50', '2024-10-16 10:16:48'),
(62, 'Петък', '6', '12:00', '12:40', '2024-10-16 10:16:48'),
(63, 'Петък', '7', '12:45', '13:25', '2024-10-16 10:16:48'),
(64, 'Петък', '8', '13:35', '14:15', '2024-10-16 10:16:48'),
(65, 'Петък', '9', '14:25', '15:05', '2024-10-16 10:16:48'),
(66, 'Петък', '10', '15:10', '15:50', '2024-10-16 10:16:48'),
(67, 'Петък', '11', '16:10', '16:50', '2024-10-16 10:16:48'),
(68, 'Петък', '12', '17:00', '17:40', '2024-10-16 10:16:48'),
(69, 'Петък', '13', '17:50', '18:30', '2024-10-16 10:16:48'),
(70, 'Петък', '14', '18:35', '19:15', '2024-10-16 10:16:48');

-- --------------------------------------------------------

--
-- Table structure for table `teachers_room_schedule`
--

CREATE TABLE `teachers_room_schedule` (
  `id` int(8) NOT NULL,
  `event_name` varchar(256) NOT NULL,
  `date` date NOT NULL,
  `schedule_id` int(11) NOT NULL,
  `owner_id` varchar(512) NOT NULL,
  `added_date` timestamp NOT NULL DEFAULT current_timestamp()
) ENGINE=InnoDB DEFAULT CHARSET=utf8mb4;

--
-- Dumping data for table `teachers_room_schedule`
--

INSERT INTO `teachers_room_schedule` (`id`, `event_name`, `date`, `schedule_id`, `owner_id`, `added_date`) VALUES
(51, 'gfsdfsdfsd', '2024-12-23', 10, 'a1d0c6e83f027327d8461063f4ac58a6', '2024-10-27 14:40:43'),
(52, 'gfsdfsdfsd', '2024-12-23', 11, 'a1d0c6e83f027327d8461063f4ac58a6', '2024-10-27 14:40:43'),
(53, 'gfsdfsdfsd', '2024-12-23', 12, 'a1d0c6e83f027327d8461063f4ac58a6', '2024-10-27 14:40:43'),
(54, 'gfsdfsdfsd', '2024-12-23', 13, 'a1d0c6e83f027327d8461063f4ac58a6', '2024-10-27 14:40:43'),
(55, 'gfsdfsdfsd', '2024-12-23', 14, 'a1d0c6e83f027327d8461063f4ac58a6', '2024-10-27 14:40:43'),
(56, 'gfsdfsdfsd', '2024-12-27', 66, 'a1d0c6e83f027327d8461063f4ac58a6', '2024-10-27 14:40:43'),
(57, 'gfsdfsdfsd', '2024-12-27', 67, 'a1d0c6e83f027327d8461063f4ac58a6', '2024-10-27 14:40:43'),
(58, 'gfsdfsdfsd', '2024-12-27', 68, 'a1d0c6e83f027327d8461063f4ac58a6', '2024-10-27 14:40:43'),
(59, 'gfsdfsdfsd', '2024-12-27', 69, 'a1d0c6e83f027327d8461063f4ac58a6', '2024-10-27 14:40:43'),
(60, 'gfsdfsdfsd', '2024-12-27', 70, 'a1d0c6e83f027327d8461063f4ac58a6', '2024-10-27 14:40:43'),
(121, '1', '2024-10-31', 43, 'a1d0c6e83f027327d8461063f4ac58a6', '2024-10-30 17:23:03'),
(122, '1', '2024-10-31', 44, 'a1d0c6e83f027327d8461063f4ac58a6', '2024-10-30 17:23:03'),
(123, '1', '2024-10-31', 45, 'a1d0c6e83f027327d8461063f4ac58a6', '2024-10-30 17:23:03'),
(124, '1', '2024-10-31', 46, 'a1d0c6e83f027327d8461063f4ac58a6', '2024-10-30 17:23:03'),
(125, '1', '2024-11-01', 57, 'a1d0c6e83f027327d8461063f4ac58a6', '2024-10-30 17:23:03'),
(126, '1', '2024-11-01', 58, 'a1d0c6e83f027327d8461063f4ac58a6', '2024-10-30 17:23:03'),
(127, '1', '2024-11-01', 59, 'a1d0c6e83f027327d8461063f4ac58a6', '2024-10-30 17:23:03'),
(128, '1', '2024-11-01', 60, 'a1d0c6e83f027327d8461063f4ac58a6', '2024-10-30 17:23:03'),
(129, '1', '2024-11-04', 1, 'a1d0c6e83f027327d8461063f4ac58a6', '2024-10-30 17:23:03'),
(130, '1', '2024-11-04', 2, 'a1d0c6e83f027327d8461063f4ac58a6', '2024-10-30 17:23:03'),
(131, '1', '2024-11-04', 3, 'a1d0c6e83f027327d8461063f4ac58a6', '2024-10-30 17:23:03'),
(132, '1', '2024-11-04', 4, 'a1d0c6e83f027327d8461063f4ac58a6', '2024-10-30 17:23:03'),
(133, '1', '2024-11-05', 15, 'a1d0c6e83f027327d8461063f4ac58a6', '2024-10-30 17:23:03'),
(134, '1', '2024-11-05', 16, 'a1d0c6e83f027327d8461063f4ac58a6', '2024-10-30 17:23:03'),
(135, '1', '2024-11-05', 17, 'a1d0c6e83f027327d8461063f4ac58a6', '2024-10-30 17:23:03'),
(136, '1', '2024-11-05', 18, 'a1d0c6e83f027327d8461063f4ac58a6', '2024-10-30 17:23:03'),
(138, '1', '2024-11-06', 30, 'a1d0c6e83f027327d8461063f4ac58a6', '2024-10-30 17:23:03'),
(139, '1', '2024-11-06', 31, 'a1d0c6e83f027327d8461063f4ac58a6', '2024-10-30 17:23:03'),
(140, '1', '2024-11-06', 32, 'a1d0c6e83f027327d8461063f4ac58a6', '2024-10-30 17:23:03'),
(149, '1222', '2024-11-21', 45, 'a1d0c6e83f027327d8461063f4ac58a6', '2024-10-30 17:50:39');

--
-- Indexes for dumped tables
--

--
-- Indexes for table `holidays`
--
ALTER TABLE `holidays`
  ADD PRIMARY KEY (`id`);

--
-- Indexes for table `schedule`
--
ALTER TABLE `schedule`
  ADD PRIMARY KEY (`id`);

--
-- Indexes for table `teachers_room_schedule`
--
ALTER TABLE `teachers_room_schedule`
  ADD PRIMARY KEY (`id`);

--
-- AUTO_INCREMENT for dumped tables
--

--
-- AUTO_INCREMENT for table `holidays`
--
ALTER TABLE `holidays`
  MODIFY `id` int(8) NOT NULL AUTO_INCREMENT, AUTO_INCREMENT=30;

--
-- AUTO_INCREMENT for table `schedule`
--
ALTER TABLE `schedule`
  MODIFY `id` int(8) NOT NULL AUTO_INCREMENT, AUTO_INCREMENT=71;

--
-- AUTO_INCREMENT for table `teachers_room_schedule`
--
ALTER TABLE `teachers_room_schedule`
  MODIFY `id` int(8) NOT NULL AUTO_INCREMENT, AUTO_INCREMENT=150;
COMMIT;

/*!40101 SET CHARACTER_SET_CLIENT=@OLD_CHARACTER_SET_CLIENT */;
/*!40101 SET CHARACTER_SET_RESULTS=@OLD_CHARACTER_SET_RESULTS */;
/*!40101 SET COLLATION_CONNECTION=@OLD_COLLATION_CONNECTION */;
