-- phpMyAdmin SQL Dump
-- version 5.2.0
-- https://www.phpmyadmin.net/
--
-- Host: 127.0.0.1
-- Generation Time: Dec 06, 2024 at 12:30 PM
-- Server version: 10.4.24-MariaDB
-- PHP Version: 8.1.6

SET SQL_MODE = "NO_AUTO_VALUE_ON_ZERO";
START TRANSACTION;
SET time_zone = "+00:00";


/*!40101 SET @OLD_CHARACTER_SET_CLIENT=@@CHARACTER_SET_CLIENT */;
/*!40101 SET @OLD_CHARACTER_SET_RESULTS=@@CHARACTER_SET_RESULTS */;
/*!40101 SET @OLD_COLLATION_CONNECTION=@@COLLATION_CONNECTION */;
/*!40101 SET NAMES utf8mb4 */;

--
-- Database: `st_tu_system`
--

-- --------------------------------------------------------

--
-- Table structure for table `holidays`
--

CREATE TABLE `holidays` (
  `id` int(8) NOT NULL,
  `date` date NOT NULL,
  `added_date` timestamp NOT NULL DEFAULT current_timestamp()
) ENGINE=InnoDB DEFAULT CHARSET=utf8mb4;

--
-- Dumping data for table `holidays`
--

INSERT INTO `holidays` (`id`, `date`, `added_date`) VALUES
(1, '2024-09-06', '2024-10-15 15:50:28'),
(2, '2024-09-23', '2024-10-15 15:50:28'),
(3, '2024-12-24', '2024-10-15 15:50:28'),
(4, '2024-12-25', '2024-10-15 15:50:28'),
(5, '2024-12-26', '2024-10-15 15:50:28'),
(6, '2025-01-01', '2024-10-15 15:54:17'),
(7, '2025-03-03', '2024-10-15 15:54:17'),
(8, '2025-04-18', '2024-10-15 15:54:17'),
(9, '2025-04-21', '2024-10-15 15:54:17'),
(10, '2025-05-01', '2024-10-15 15:54:17'),
(11, '2025-05-06', '2024-10-15 15:54:17'),
(12, '2025-05-26', '2024-10-15 15:54:17'),
(13, '2025-09-08', '2024-10-15 15:54:17'),
(14, '2025-09-22', '2024-10-15 15:54:17'),
(15, '2025-12-24', '2024-10-15 15:54:17'),
(16, '2025-12-25', '2024-10-15 15:54:17'),
(17, '2025-12-26', '2024-10-15 15:54:18'),
(18, '2026-01-01', '2024-10-15 15:56:50'),
(19, '2026-03-03', '2024-10-15 15:56:50'),
(20, '2026-04-10', '2024-10-15 15:56:50'),
(21, '2026-04-13', '2024-10-15 15:56:50'),
(22, '2026-05-01', '2024-10-15 15:56:50'),
(23, '2026-05-06', '2024-10-15 15:56:50'),
(24, '2026-05-25', '2024-10-15 15:56:50'),
(25, '2026-09-07', '2024-10-15 15:56:50'),
(26, '2026-09-22', '2024-10-15 15:56:50'),
(27, '2026-12-24', '2024-10-15 15:56:50'),
(28, '2026-12-25', '2024-10-15 15:56:50'),
(29, '2026-12-28', '2024-10-15 15:56:50');

-- --------------------------------------------------------

--
-- Table structure for table `rooms`
--

CREATE TABLE `rooms` (
  `id` int(11) NOT NULL,
  `room_number` varchar(8) NOT NULL,
  `room_name` varchar(128) NOT NULL,
  `block` varchar(8) NOT NULL,
  `equipment` varchar(128) NOT NULL,
  `added_date` timestamp NOT NULL DEFAULT current_timestamp()
) ENGINE=InnoDB DEFAULT CHARSET=utf8mb4;

--
-- Dumping data for table `rooms`
--

INSERT INTO `rooms` (`id`, `room_number`, `room_name`, `block`, `equipment`, `added_date`) VALUES
(1, 'ПрофЕмил', 'ПрофЕмилСтоянов', '2', '', '2024-11-30 12:10:22'),
(2, 'ПрофЕмил', 'ПрофЕмилСтоянов', '1', '', '2024-11-30 12:10:45'),
(3, 'Batepesh', 'Batepesho', '3', '', '2024-11-30 12:11:49'),
(4, '1001', 'Проф. Емил Стоянов', '1', '', '2024-11-30 12:17:51');

-- --------------------------------------------------------

--
-- Table structure for table `room_schedule`
--

CREATE TABLE `room_schedule` (
  `id` int(8) NOT NULL,
  `room_id` varchar(256) NOT NULL,
  `event_name` varchar(256) NOT NULL,
  `date` date NOT NULL,
  `schedule_id` int(11) NOT NULL,
  `owner_id` varchar(512) NOT NULL,
  `accepted` tinyint(1) NOT NULL,
  `added_date` timestamp NOT NULL DEFAULT current_timestamp()
) ENGINE=InnoDB DEFAULT CHARSET=utf8mb4;

--
-- Dumping data for table `room_schedule`
--

INSERT INTO `room_schedule` (`id`, `room_id`, `event_name`, `date`, `schedule_id`, `owner_id`, `accepted`, `added_date`) VALUES
(153, 'a87ff679a2f3e71d9181a67b7542122c', '121212122131241324', '2024-12-17', 16, 'a1d0c6e83f027327d8461063f4ac58a6', 1, '2024-11-30 22:43:21'),
(154, 'a87ff679a2f3e71d9181a67b7542122c', 'asdgvkjasugfkjvsakjvfds', '2024-12-23', 2, 'a1d0c6e83f027327d8461063f4ac58a6', 1, '2024-12-01 09:27:55'),
(155, 'c4ca4238a0b923820dcc509a6f75849b', 'asdasfduyasfdyufasyidfuysafgdasd', '2024-12-17', 17, 'a1d0c6e83f027327d8461063f4ac58a6', 1, '2024-12-01 09:29:15'),
(157, 'eccbc87e4b5ce2fe28308fd9f2a7baf3', 'samo levski', '2024-12-17', 16, 'a1d0c6e83f027327d8461063f4ac58a6', 1, '2024-12-01 09:41:33'),
(158, 'eccbc87e4b5ce2fe28308fd9f2a7baf3', 'Levski e vecjen', '2024-12-16', 1, 'a1d0c6e83f027327d8461063f4ac58a6', 1, '2024-12-01 09:48:53'),
(159, 'eccbc87e4b5ce2fe28308fd9f2a7baf3', 'Levski e vecjen', '2024-12-16', 2, 'a1d0c6e83f027327d8461063f4ac58a6', 1, '2024-12-01 09:48:53'),
(160, 'eccbc87e4b5ce2fe28308fd9f2a7baf3', 'Levski e vecjen', '2024-12-16', 3, 'a1d0c6e83f027327d8461063f4ac58a6', 1, '2024-12-01 09:48:53'),
(161, 'eccbc87e4b5ce2fe28308fd9f2a7baf3', 'Levski e vecjen', '2024-12-16', 4, 'a1d0c6e83f027327d8461063f4ac58a6', 1, '2024-12-01 09:48:53'),
(162, 'eccbc87e4b5ce2fe28308fd9f2a7baf3', 'Levski e vecjen', '2024-12-16', 5, 'a1d0c6e83f027327d8461063f4ac58a6', 1, '2024-12-01 09:48:53'),
(163, 'eccbc87e4b5ce2fe28308fd9f2a7baf3', 'Levski e vecjen', '2024-12-23', 1, 'a1d0c6e83f027327d8461063f4ac58a6', 1, '2024-12-01 09:48:53'),
(164, 'eccbc87e4b5ce2fe28308fd9f2a7baf3', 'Levski e vecjen', '2024-12-23', 2, 'a1d0c6e83f027327d8461063f4ac58a6', 1, '2024-12-01 09:48:53'),
(165, 'eccbc87e4b5ce2fe28308fd9f2a7baf3', 'Levski e vecjen', '2024-12-23', 3, 'a1d0c6e83f027327d8461063f4ac58a6', 1, '2024-12-01 09:48:53'),
(166, 'eccbc87e4b5ce2fe28308fd9f2a7baf3', 'Levski e vecjen', '2024-12-23', 4, 'a1d0c6e83f027327d8461063f4ac58a6', 1, '2024-12-01 09:48:53'),
(167, 'eccbc87e4b5ce2fe28308fd9f2a7baf3', 'Levski e vecjen', '2024-12-23', 5, 'a1d0c6e83f027327d8461063f4ac58a6', 1, '2024-12-01 09:48:53'),
(168, 'eccbc87e4b5ce2fe28308fd9f2a7baf3', 'Levski e vecjen', '2024-12-30', 1, 'a1d0c6e83f027327d8461063f4ac58a6', 1, '2024-12-01 09:48:53'),
(169, 'eccbc87e4b5ce2fe28308fd9f2a7baf3', 'Levski e vecjen', '2024-12-30', 2, 'a1d0c6e83f027327d8461063f4ac58a6', 1, '2024-12-01 09:48:53'),
(170, 'eccbc87e4b5ce2fe28308fd9f2a7baf3', 'Levski e vecjen', '2024-12-30', 3, 'a1d0c6e83f027327d8461063f4ac58a6', 1, '2024-12-01 09:48:53'),
(171, 'eccbc87e4b5ce2fe28308fd9f2a7baf3', 'Levski e vecjen', '2024-12-30', 4, 'a1d0c6e83f027327d8461063f4ac58a6', 1, '2024-12-01 09:48:53'),
(172, 'eccbc87e4b5ce2fe28308fd9f2a7baf3', 'Levski e vecjen', '2024-12-30', 5, 'a1d0c6e83f027327d8461063f4ac58a6', 1, '2024-12-01 09:48:53'),
(173, 'eccbc87e4b5ce2fe28308fd9f2a7baf3', 'Levski e vechen', '2024-12-10', 15, 'a1d0c6e83f027327d8461063f4ac58a6', 1, '2024-12-01 09:49:20'),
(174, 'eccbc87e4b5ce2fe28308fd9f2a7baf3', 'Levski e vechen', '2024-12-10', 16, 'a1d0c6e83f027327d8461063f4ac58a6', 1, '2024-12-01 09:49:20'),
(175, 'eccbc87e4b5ce2fe28308fd9f2a7baf3', 'Levski e vechen', '2024-12-10', 17, 'a1d0c6e83f027327d8461063f4ac58a6', 1, '2024-12-01 09:49:20'),
(176, 'eccbc87e4b5ce2fe28308fd9f2a7baf3', 'Levski e vechen', '2024-12-10', 18, 'a1d0c6e83f027327d8461063f4ac58a6', 1, '2024-12-01 09:49:20'),
(177, 'eccbc87e4b5ce2fe28308fd9f2a7baf3', 'Levski e vechen', '2024-12-10', 19, 'a1d0c6e83f027327d8461063f4ac58a6', 1, '2024-12-01 09:49:20'),
(178, 'eccbc87e4b5ce2fe28308fd9f2a7baf3', 'Levski e vechen', '2024-12-17', 15, 'a1d0c6e83f027327d8461063f4ac58a6', 1, '2024-12-01 09:49:20'),
(179, 'eccbc87e4b5ce2fe28308fd9f2a7baf3', 'Levski e vechen', '2024-12-17', 16, 'a1d0c6e83f027327d8461063f4ac58a6', 1, '2024-12-01 09:49:20'),
(180, 'eccbc87e4b5ce2fe28308fd9f2a7baf3', 'Levski e vechen', '2024-12-17', 17, 'a1d0c6e83f027327d8461063f4ac58a6', 1, '2024-12-01 09:49:20'),
(181, 'eccbc87e4b5ce2fe28308fd9f2a7baf3', 'Levski e vechen', '2024-12-17', 18, 'a1d0c6e83f027327d8461063f4ac58a6', 1, '2024-12-01 09:49:20'),
(182, 'eccbc87e4b5ce2fe28308fd9f2a7baf3', 'Levski e vechen', '2024-12-17', 19, 'a1d0c6e83f027327d8461063f4ac58a6', 1, '2024-12-01 09:49:20'),
(183, 'eccbc87e4b5ce2fe28308fd9f2a7baf3', '123123123123', '2024-12-10', 15, 'a1d0c6e83f027327d8461063f4ac58a6', 1, '2024-12-01 09:49:40'),
(184, 'eccbc87e4b5ce2fe28308fd9f2a7baf3', '123123123123', '2024-12-10', 16, 'a1d0c6e83f027327d8461063f4ac58a6', 1, '2024-12-01 09:49:40'),
(185, 'eccbc87e4b5ce2fe28308fd9f2a7baf3', '123123123123', '2024-12-10', 17, 'a1d0c6e83f027327d8461063f4ac58a6', 1, '2024-12-01 09:49:40'),
(186, 'eccbc87e4b5ce2fe28308fd9f2a7baf3', '123123123123', '2024-12-10', 18, 'a1d0c6e83f027327d8461063f4ac58a6', 1, '2024-12-01 09:49:40'),
(187, 'eccbc87e4b5ce2fe28308fd9f2a7baf3', '123123123123', '2024-12-10', 19, 'a1d0c6e83f027327d8461063f4ac58a6', 1, '2024-12-01 09:49:40'),
(188, 'eccbc87e4b5ce2fe28308fd9f2a7baf3', '123123123123', '2024-12-11', 29, 'a1d0c6e83f027327d8461063f4ac58a6', 1, '2024-12-01 09:49:40'),
(189, 'eccbc87e4b5ce2fe28308fd9f2a7baf3', '123123123123', '2024-12-11', 30, 'a1d0c6e83f027327d8461063f4ac58a6', 1, '2024-12-01 09:49:40'),
(190, 'eccbc87e4b5ce2fe28308fd9f2a7baf3', '123123123123', '2024-12-11', 31, 'a1d0c6e83f027327d8461063f4ac58a6', 1, '2024-12-01 09:49:40'),
(191, 'eccbc87e4b5ce2fe28308fd9f2a7baf3', '123123123123', '2024-12-11', 32, 'a1d0c6e83f027327d8461063f4ac58a6', 1, '2024-12-01 09:49:40'),
(192, 'eccbc87e4b5ce2fe28308fd9f2a7baf3', '123123123123', '2024-12-11', 33, 'a1d0c6e83f027327d8461063f4ac58a6', 1, '2024-12-01 09:49:40'),
(193, 'eccbc87e4b5ce2fe28308fd9f2a7baf3', '123123123123', '2024-12-12', 43, 'a1d0c6e83f027327d8461063f4ac58a6', 1, '2024-12-01 09:49:40'),
(194, 'eccbc87e4b5ce2fe28308fd9f2a7baf3', '123123123123', '2024-12-12', 44, 'a1d0c6e83f027327d8461063f4ac58a6', 1, '2024-12-01 09:49:40'),
(195, 'eccbc87e4b5ce2fe28308fd9f2a7baf3', '123123123123', '2024-12-12', 45, 'a1d0c6e83f027327d8461063f4ac58a6', 1, '2024-12-01 09:49:40'),
(196, 'eccbc87e4b5ce2fe28308fd9f2a7baf3', '123123123123', '2024-12-12', 46, 'a1d0c6e83f027327d8461063f4ac58a6', 1, '2024-12-01 09:49:40'),
(197, 'eccbc87e4b5ce2fe28308fd9f2a7baf3', '123123123123', '2024-12-12', 47, 'a1d0c6e83f027327d8461063f4ac58a6', 1, '2024-12-01 09:49:40'),
(198, 'eccbc87e4b5ce2fe28308fd9f2a7baf3', '123123123123', '2024-12-13', 57, 'a1d0c6e83f027327d8461063f4ac58a6', 1, '2024-12-01 09:49:40'),
(199, 'eccbc87e4b5ce2fe28308fd9f2a7baf3', '123123123123', '2024-12-13', 58, 'a1d0c6e83f027327d8461063f4ac58a6', 1, '2024-12-01 09:49:40'),
(200, 'eccbc87e4b5ce2fe28308fd9f2a7baf3', '123123123123', '2024-12-13', 59, 'a1d0c6e83f027327d8461063f4ac58a6', 1, '2024-12-01 09:49:40'),
(201, 'eccbc87e4b5ce2fe28308fd9f2a7baf3', '123123123123', '2024-12-13', 60, 'a1d0c6e83f027327d8461063f4ac58a6', 1, '2024-12-01 09:49:40'),
(202, 'eccbc87e4b5ce2fe28308fd9f2a7baf3', '123123123123', '2024-12-13', 61, 'a1d0c6e83f027327d8461063f4ac58a6', 1, '2024-12-01 09:49:40'),
(203, 'eccbc87e4b5ce2fe28308fd9f2a7baf3', '123123123123', '2024-12-16', 1, 'a1d0c6e83f027327d8461063f4ac58a6', 1, '2024-12-01 09:49:40'),
(204, 'eccbc87e4b5ce2fe28308fd9f2a7baf3', '123123123123', '2024-12-16', 2, 'a1d0c6e83f027327d8461063f4ac58a6', 1, '2024-12-01 09:49:40'),
(205, 'eccbc87e4b5ce2fe28308fd9f2a7baf3', '123123123123', '2024-12-16', 3, 'a1d0c6e83f027327d8461063f4ac58a6', 1, '2024-12-01 09:49:40'),
(206, 'eccbc87e4b5ce2fe28308fd9f2a7baf3', '123123123123', '2024-12-16', 4, 'a1d0c6e83f027327d8461063f4ac58a6', 1, '2024-12-01 09:49:40'),
(207, 'eccbc87e4b5ce2fe28308fd9f2a7baf3', '123123123123', '2024-12-16', 5, 'a1d0c6e83f027327d8461063f4ac58a6', 1, '2024-12-01 09:49:40'),
(208, 'eccbc87e4b5ce2fe28308fd9f2a7baf3', '123123123123', '2024-12-17', 15, 'a1d0c6e83f027327d8461063f4ac58a6', 1, '2024-12-01 09:49:40'),
(209, 'eccbc87e4b5ce2fe28308fd9f2a7baf3', '123123123123', '2024-12-17', 16, 'a1d0c6e83f027327d8461063f4ac58a6', 1, '2024-12-01 09:49:40'),
(210, 'eccbc87e4b5ce2fe28308fd9f2a7baf3', '123123123123', '2024-12-17', 17, 'a1d0c6e83f027327d8461063f4ac58a6', 1, '2024-12-01 09:49:40'),
(211, 'eccbc87e4b5ce2fe28308fd9f2a7baf3', '123123123123', '2024-12-17', 18, 'a1d0c6e83f027327d8461063f4ac58a6', 1, '2024-12-01 09:49:40'),
(212, 'eccbc87e4b5ce2fe28308fd9f2a7baf3', '123123123123', '2024-12-17', 19, 'a1d0c6e83f027327d8461063f4ac58a6', 1, '2024-12-01 09:49:40'),
(213, 'eccbc87e4b5ce2fe28308fd9f2a7baf3', '123123123123', '2024-12-18', 29, 'a1d0c6e83f027327d8461063f4ac58a6', 1, '2024-12-01 09:49:40'),
(214, 'eccbc87e4b5ce2fe28308fd9f2a7baf3', '123123123123', '2024-12-18', 30, 'a1d0c6e83f027327d8461063f4ac58a6', 1, '2024-12-01 09:49:40'),
(215, 'eccbc87e4b5ce2fe28308fd9f2a7baf3', '123123123123', '2024-12-18', 31, 'a1d0c6e83f027327d8461063f4ac58a6', 1, '2024-12-01 09:49:40'),
(216, 'eccbc87e4b5ce2fe28308fd9f2a7baf3', '123123123123', '2024-12-18', 32, 'a1d0c6e83f027327d8461063f4ac58a6', 1, '2024-12-01 09:49:40'),
(217, 'eccbc87e4b5ce2fe28308fd9f2a7baf3', '123123123123', '2024-12-18', 33, 'a1d0c6e83f027327d8461063f4ac58a6', 1, '2024-12-01 09:49:40'),
(218, 'eccbc87e4b5ce2fe28308fd9f2a7baf3', '123123123123', '2024-12-19', 43, 'a1d0c6e83f027327d8461063f4ac58a6', 1, '2024-12-01 09:49:40'),
(219, 'eccbc87e4b5ce2fe28308fd9f2a7baf3', '123123123123', '2024-12-19', 44, 'a1d0c6e83f027327d8461063f4ac58a6', 1, '2024-12-01 09:49:40'),
(220, 'eccbc87e4b5ce2fe28308fd9f2a7baf3', '123123123123', '2024-12-19', 45, 'a1d0c6e83f027327d8461063f4ac58a6', 1, '2024-12-01 09:49:40'),
(221, 'eccbc87e4b5ce2fe28308fd9f2a7baf3', '123123123123', '2024-12-19', 46, 'a1d0c6e83f027327d8461063f4ac58a6', 1, '2024-12-01 09:49:40'),
(222, 'eccbc87e4b5ce2fe28308fd9f2a7baf3', '123123123123', '2024-12-19', 47, 'a1d0c6e83f027327d8461063f4ac58a6', 1, '2024-12-01 09:49:40'),
(223, 'eccbc87e4b5ce2fe28308fd9f2a7baf3', '123123123123', '2024-12-20', 57, 'a1d0c6e83f027327d8461063f4ac58a6', 1, '2024-12-01 09:49:40'),
(224, 'eccbc87e4b5ce2fe28308fd9f2a7baf3', '123123123123', '2024-12-20', 58, 'a1d0c6e83f027327d8461063f4ac58a6', 1, '2024-12-01 09:49:40'),
(225, 'eccbc87e4b5ce2fe28308fd9f2a7baf3', '123123123123', '2024-12-20', 59, 'a1d0c6e83f027327d8461063f4ac58a6', 1, '2024-12-01 09:49:40'),
(226, 'eccbc87e4b5ce2fe28308fd9f2a7baf3', '123123123123', '2024-12-20', 60, 'a1d0c6e83f027327d8461063f4ac58a6', 1, '2024-12-01 09:49:40'),
(227, 'eccbc87e4b5ce2fe28308fd9f2a7baf3', '123123123123', '2024-12-20', 61, 'a1d0c6e83f027327d8461063f4ac58a6', 1, '2024-12-01 09:49:40'),
(228, 'eccbc87e4b5ce2fe28308fd9f2a7baf3', '123123123123', '2024-12-23', 1, 'a1d0c6e83f027327d8461063f4ac58a6', 1, '2024-12-01 09:49:40'),
(229, 'eccbc87e4b5ce2fe28308fd9f2a7baf3', '123123123123', '2024-12-23', 2, 'a1d0c6e83f027327d8461063f4ac58a6', 1, '2024-12-01 09:49:40'),
(230, 'eccbc87e4b5ce2fe28308fd9f2a7baf3', '123123123123', '2024-12-23', 3, 'a1d0c6e83f027327d8461063f4ac58a6', 1, '2024-12-01 09:49:40'),
(231, 'eccbc87e4b5ce2fe28308fd9f2a7baf3', '123123123123', '2024-12-23', 4, 'a1d0c6e83f027327d8461063f4ac58a6', 1, '2024-12-01 09:49:40'),
(232, 'eccbc87e4b5ce2fe28308fd9f2a7baf3', '123123123123', '2024-12-23', 5, 'a1d0c6e83f027327d8461063f4ac58a6', 1, '2024-12-01 09:49:40'),
(233, 'eccbc87e4b5ce2fe28308fd9f2a7baf3', '123123123123', '2024-12-27', 57, 'a1d0c6e83f027327d8461063f4ac58a6', 1, '2024-12-01 09:49:40'),
(234, 'eccbc87e4b5ce2fe28308fd9f2a7baf3', '123123123123', '2024-12-27', 58, 'a1d0c6e83f027327d8461063f4ac58a6', 1, '2024-12-01 09:49:40'),
(235, 'eccbc87e4b5ce2fe28308fd9f2a7baf3', '123123123123', '2024-12-27', 59, 'a1d0c6e83f027327d8461063f4ac58a6', 1, '2024-12-01 09:49:40'),
(236, 'eccbc87e4b5ce2fe28308fd9f2a7baf3', '123123123123', '2024-12-27', 60, 'a1d0c6e83f027327d8461063f4ac58a6', 1, '2024-12-01 09:49:40'),
(237, 'eccbc87e4b5ce2fe28308fd9f2a7baf3', '123123123123', '2024-12-27', 61, 'a1d0c6e83f027327d8461063f4ac58a6', 1, '2024-12-01 09:49:40'),
(238, 'eccbc87e4b5ce2fe28308fd9f2a7baf3', '123123123123', '2024-12-30', 1, 'a1d0c6e83f027327d8461063f4ac58a6', 1, '2024-12-01 09:49:40'),
(239, 'eccbc87e4b5ce2fe28308fd9f2a7baf3', '123123123123', '2024-12-30', 2, 'a1d0c6e83f027327d8461063f4ac58a6', 1, '2024-12-01 09:49:40'),
(240, 'eccbc87e4b5ce2fe28308fd9f2a7baf3', '123123123123', '2024-12-30', 3, 'a1d0c6e83f027327d8461063f4ac58a6', 1, '2024-12-01 09:49:40'),
(241, 'eccbc87e4b5ce2fe28308fd9f2a7baf3', '123123123123', '2024-12-30', 4, 'a1d0c6e83f027327d8461063f4ac58a6', 1, '2024-12-01 09:49:40'),
(242, 'eccbc87e4b5ce2fe28308fd9f2a7baf3', '123123123123', '2024-12-30', 5, 'a1d0c6e83f027327d8461063f4ac58a6', 1, '2024-12-01 09:49:40'),
(243, 'eccbc87e4b5ce2fe28308fd9f2a7baf3', '123123123123', '2024-12-31', 15, 'a1d0c6e83f027327d8461063f4ac58a6', 1, '2024-12-01 09:49:40'),
(244, 'eccbc87e4b5ce2fe28308fd9f2a7baf3', '123123123123', '2024-12-31', 16, 'a1d0c6e83f027327d8461063f4ac58a6', 1, '2024-12-01 09:49:40'),
(245, 'eccbc87e4b5ce2fe28308fd9f2a7baf3', '123123123123', '2024-12-31', 17, 'a1d0c6e83f027327d8461063f4ac58a6', 1, '2024-12-01 09:49:40'),
(246, 'eccbc87e4b5ce2fe28308fd9f2a7baf3', '123123123123', '2024-12-31', 18, 'a1d0c6e83f027327d8461063f4ac58a6', 1, '2024-12-01 09:49:40'),
(247, 'eccbc87e4b5ce2fe28308fd9f2a7baf3', '123123123123', '2024-12-31', 19, 'a1d0c6e83f027327d8461063f4ac58a6', 1, '2024-12-01 09:49:40');

-- --------------------------------------------------------

--
-- Table structure for table `schedule`
--

CREATE TABLE `schedule` (
  `id` int(8) NOT NULL,
  `day` varchar(32) NOT NULL,
  `number_hour` varchar(32) NOT NULL,
  `start_hour` varchar(32) NOT NULL,
  `end_hour` varchar(32) NOT NULL,
  `added_date` timestamp NOT NULL DEFAULT current_timestamp()
) ENGINE=InnoDB DEFAULT CHARSET=utf8mb4;

--
-- Dumping data for table `schedule`
--

INSERT INTO `schedule` (`id`, `day`, `number_hour`, `start_hour`, `end_hour`, `added_date`) VALUES
(1, 'Понеделник', '1', '7:45', '8:25', '2024-10-16 10:15:02'),
(2, 'Понеделник', '2', '8:30', '9:10', '2024-10-16 10:15:02'),
(3, 'Понеделник', '3', '9:20', '10:00', '2024-10-16 10:15:02'),
(4, 'Понеделник', '4', '10:20', '11:00', '2024-10-16 10:15:02'),
(5, 'Понеделник', '5', '11:10', '11:50', '2024-10-16 10:15:02'),
(6, 'Понеделник', '6', '12:00', '12:40', '2024-10-16 10:15:02'),
(7, 'Понеделник', '7', '12:45', '13:25', '2024-10-16 10:15:02'),
(8, 'Понеделник', '8', '13:35', '14:15', '2024-10-16 10:15:02'),
(9, 'Понеделник', '9', '14:25', '15:05', '2024-10-16 10:15:02'),
(10, 'Понеделник', '10', '15:10', '15:50', '2024-10-16 10:15:02'),
(11, 'Понеделник', '11', '16:10', '16:50', '2024-10-16 10:15:02'),
(12, 'Понеделник', '12', '17:00', '17:40', '2024-10-16 10:15:02'),
(13, 'Понеделник', '13', '17:50', '18:30', '2024-10-16 10:15:02'),
(14, 'Понеделник', '14', '18:35', '19:15', '2024-10-16 10:15:02'),
(15, 'Вторник', '1', '7:45', '8:25', '2024-10-16 10:15:53'),
(16, 'Вторник', '2', '8:30', '9:10', '2024-10-16 10:15:53'),
(17, 'Вторник', '3', '9:20', '10:00', '2024-10-16 10:15:53'),
(18, 'Вторник', '4', '10:20', '11:00', '2024-10-16 10:15:53'),
(19, 'Вторник', '5', '11:10', '11:50', '2024-10-16 10:15:53'),
(20, 'Вторник', '6', '12:00', '12:40', '2024-10-16 10:15:53'),
(21, 'Вторник', '7', '12:45', '13:25', '2024-10-16 10:15:54'),
(22, 'Вторник', '8', '13:35', '14:15', '2024-10-16 10:15:54'),
(23, 'Вторник', '9', '14:25', '15:05', '2024-10-16 10:15:54'),
(24, 'Вторник', '10', '15:10', '15:50', '2024-10-16 10:15:54'),
(25, 'Вторник', '11', '16:10', '16:50', '2024-10-16 10:15:54'),
(26, 'Вторник', '12', '17:00', '17:40', '2024-10-16 10:15:54'),
(27, 'Вторник', '13', '17:50', '18:30', '2024-10-16 10:15:54'),
(28, 'Вторник', '14', '18:35', '19:15', '2024-10-16 10:15:54'),
(29, 'Сряда', '1', '7:45', '8:25', '2024-10-16 10:16:15'),
(30, 'Сряда', '2', '8:30', '9:10', '2024-10-16 10:16:15'),
(31, 'Сряда', '3', '9:20', '10:00', '2024-10-16 10:16:15'),
(32, 'Сряда', '4', '10:20', '11:00', '2024-10-16 10:16:15'),
(33, 'Сряда', '5', '11:10', '11:50', '2024-10-16 10:16:15'),
(34, 'Сряда', '6', '12:00', '12:40', '2024-10-16 10:16:15'),
(35, 'Сряда', '7', '12:45', '13:25', '2024-10-16 10:16:15'),
(36, 'Сряда', '8', '13:35', '14:15', '2024-10-16 10:16:15'),
(37, 'Сряда', '9', '14:25', '15:05', '2024-10-16 10:16:15'),
(38, 'Сряда', '10', '15:10', '15:50', '2024-10-16 10:16:15'),
(39, 'Сряда', '11', '16:10', '16:50', '2024-10-16 10:16:15'),
(40, 'Сряда', '12', '17:00', '17:40', '2024-10-16 10:16:15'),
(41, 'Сряда', '13', '17:50', '18:30', '2024-10-16 10:16:15'),
(42, 'Сряда', '14', '18:35', '19:15', '2024-10-16 10:16:15'),
(43, 'Четвъртък', '1', '7:45', '8:25', '2024-10-16 10:16:34'),
(44, 'Четвъртък', '2', '8:30', '9:10', '2024-10-16 10:16:34'),
(45, 'Четвъртък', '3', '9:20', '10:00', '2024-10-16 10:16:34'),
(46, 'Четвъртък', '4', '10:20', '11:00', '2024-10-16 10:16:34'),
(47, 'Четвъртък', '5', '11:10', '11:50', '2024-10-16 10:16:34'),
(48, 'Четвъртък', '6', '12:00', '12:40', '2024-10-16 10:16:34'),
(49, 'Четвъртък', '7', '12:45', '13:25', '2024-10-16 10:16:34'),
(50, 'Четвъртък', '8', '13:35', '14:15', '2024-10-16 10:16:34'),
(51, 'Четвъртък', '9', '14:25', '15:05', '2024-10-16 10:16:34'),
(52, 'Четвъртък', '10', '15:10', '15:50', '2024-10-16 10:16:34'),
(53, 'Четвъртък', '11', '16:10', '16:50', '2024-10-16 10:16:34'),
(54, 'Четвъртък', '12', '17:00', '17:40', '2024-10-16 10:16:34'),
(55, 'Четвъртък', '13', '17:50', '18:30', '2024-10-16 10:16:34'),
(56, 'Четвъртък', '14', '18:35', '19:15', '2024-10-16 10:16:34'),
(57, 'Петък', '1', '7:45', '8:25', '2024-10-16 10:16:48'),
(58, 'Петък', '2', '8:30', '9:10', '2024-10-16 10:16:48'),
(59, 'Петък', '3', '9:20', '10:00', '2024-10-16 10:16:48'),
(60, 'Петък', '4', '10:20', '11:00', '2024-10-16 10:16:48'),
(61, 'Петък', '5', '11:10', '11:50', '2024-10-16 10:16:48'),
(62, 'Петък', '6', '12:00', '12:40', '2024-10-16 10:16:48'),
(63, 'Петък', '7', '12:45', '13:25', '2024-10-16 10:16:48'),
(64, 'Петък', '8', '13:35', '14:15', '2024-10-16 10:16:48'),
(65, 'Петък', '9', '14:25', '15:05', '2024-10-16 10:16:48'),
(66, 'Петък', '10', '15:10', '15:50', '2024-10-16 10:16:48'),
(67, 'Петък', '11', '16:10', '16:50', '2024-10-16 10:16:48'),
(68, 'Петък', '12', '17:00', '17:40', '2024-10-16 10:16:48'),
(69, 'Петък', '13', '17:50', '18:30', '2024-10-16 10:16:48'),
(70, 'Петък', '14', '18:35', '19:15', '2024-10-16 10:16:48');

--
-- Indexes for dumped tables
--

--
-- Indexes for table `holidays`
--
ALTER TABLE `holidays`
  ADD PRIMARY KEY (`id`);

--
-- Indexes for table `rooms`
--
ALTER TABLE `rooms`
  ADD PRIMARY KEY (`id`);

--
-- Indexes for table `room_schedule`
--
ALTER TABLE `room_schedule`
  ADD PRIMARY KEY (`id`);

--
-- Indexes for table `schedule`
--
ALTER TABLE `schedule`
  ADD PRIMARY KEY (`id`);

--
-- AUTO_INCREMENT for dumped tables
--

--
-- AUTO_INCREMENT for table `holidays`
--
ALTER TABLE `holidays`
  MODIFY `id` int(8) NOT NULL AUTO_INCREMENT, AUTO_INCREMENT=30;

--
-- AUTO_INCREMENT for table `rooms`
--
ALTER TABLE `rooms`
  MODIFY `id` int(11) NOT NULL AUTO_INCREMENT, AUTO_INCREMENT=5;

--
-- AUTO_INCREMENT for table `room_schedule`
--
ALTER TABLE `room_schedule`
  MODIFY `id` int(8) NOT NULL AUTO_INCREMENT, AUTO_INCREMENT=248;

--
-- AUTO_INCREMENT for table `schedule`
--
ALTER TABLE `schedule`
  MODIFY `id` int(8) NOT NULL AUTO_INCREMENT, AUTO_INCREMENT=71;
COMMIT;

/*!40101 SET CHARACTER_SET_CLIENT=@OLD_CHARACTER_SET_CLIENT */;
/*!40101 SET CHARACTER_SET_RESULTS=@OLD_CHARACTER_SET_RESULTS */;
/*!40101 SET COLLATION_CONNECTION=@OLD_COLLATION_CONNECTION */;
